"","LocationAbbr","CMMR_Barcode","Target","Ct","copiesperml","SampleName","date_of_collection"
"1","PT","MBJMYL","CHIKUNGUNYA","Undetermined",0,"Fon-2023-06-28",2023-06-28
"2","PT","MBJMYL","CHIKUNGUNYA","Undetermined",0,"Fon-2023-06-28",2023-06-28
"3","HO","NUGS9N","CHIKUNGUNYA","Undetermined",0,"JT-23-19821",2023-06-27
"4","HO","NUGS9N","CHIKUNGUNYA","Undetermined",0,"JT-23-19821",2023-06-27
"5","LB","L2N672","CHIKUNGUNYA","Undetermined",0,"FH-23-19822",2023-06-27
"6","LB","L2N672","CHIKUNGUNYA","Undetermined",0,"FH-23-19822",2023-06-27
"7","WF","LKRNKJ","CHIKUNGUNYA","Undetermined",0,"HS-23-19823",2023-06-27
"8","WF","LKRNKJ","CHIKUNGUNYA","Undetermined",0,"HS-23-19823",2023-06-27
"9","B1","B52AV2","CHIKUNGUNYA","Undetermined",0,"RB-23-19824",2023-06-27
"10","B1","B52AV2","CHIKUNGUNYA","Undetermined",0,"RB-23-19824",2023-06-27
"11","PT","MBJMYL","DENGUE","Undetermined",0,"Fon-2023-06-28",2023-06-28
"12","PT","MBJMYL","DENGUE","Undetermined",0,"Fon-2023-06-28",2023-06-28
"13","HO","NUGS9N","DENGUE","Undetermined",0,"JT-23-19821",2023-06-27
"14","HO","NUGS9N","DENGUE","Undetermined",0,"JT-23-19821",2023-06-27
"15","LB","L2N672","DENGUE","Undetermined",0,"FH-23-19822",2023-06-27
"16","LB","L2N672","DENGUE","Undetermined",0,"FH-23-19822",2023-06-27
"17","WF","LKRNKJ","DENGUE","Undetermined",0,"HS-23-19823",2023-06-27
"18","WF","LKRNKJ","DENGUE","Undetermined",0,"HS-23-19823",2023-06-27
"19","B1","B52AV2","DENGUE","Undetermined",0,"RB-23-19824",2023-06-27
"20","B1","B52AV2","DENGUE","Undetermined",0,"RB-23-19824",2023-06-27
"21","PT","MBJMYL","ENTERO","Undetermined",0,"Fon-2023-06-28",2023-06-28
"22","PT","MBJMYL","ENTERO","Undetermined",0,"Fon-2023-06-28",2023-06-28
"23","HO","NUGS9N","ENTERO","Undetermined",0,"JT-23-19821",2023-06-27
"24","HO","NUGS9N","ENTERO","Undetermined",0,"JT-23-19821",2023-06-27
"25","LB","L2N672","ENTERO","Undetermined",0,"FH-23-19822",2023-06-27
"26","LB","L2N672","ENTERO","Undetermined",0,"FH-23-19822",2023-06-27
"27","WF","LKRNKJ","ENTERO","Undetermined",0,"HS-23-19823",2023-06-27
"28","WF","LKRNKJ","ENTERO","Undetermined",0,"HS-23-19823",2023-06-27
"29","B1","B52AV2","ENTERO","Undetermined",0,"RB-23-19824",2023-06-27
"30","B1","B52AV2","ENTERO","Undetermined",0,"RB-23-19824",2023-06-27
"31","PT","MBJMYL","MONKEYPOX","Undetermined",0,"Fon-2023-06-28",2023-06-28
"32","PT","MBJMYL","MONKEYPOX","Undetermined",0,"Fon-2023-06-28",2023-06-28
"33","HO","NUGS9N","MONKEYPOX","Undetermined",0,"JT-23-19821",2023-06-27
"34","HO","NUGS9N","MONKEYPOX","Undetermined",0,"JT-23-19821",2023-06-27
"35","LB","L2N672","MONKEYPOX","Undetermined",0,"FH-23-19822",2023-06-27
"36","LB","L2N672","MONKEYPOX","Undetermined",0,"FH-23-19822",2023-06-27
"37","WF","LKRNKJ","MONKEYPOX","Undetermined",0,"HS-23-19823",2023-06-27
"38","WF","LKRNKJ","MONKEYPOX","Undetermined",0,"HS-23-19823",2023-06-27
"39","B1","B52AV2","MONKEYPOX","Undetermined",0,"RB-23-19824",2023-06-27
"40","B1","B52AV2","MONKEYPOX","Undetermined",0,"RB-23-19824",2023-06-27
"41","PT","MBJMYL","NOROVIRUS","30.958",1313279.978,"Fon-2023-06-28",2023-06-28
"42","PT","MBJMYL","NOROVIRUS","31.337",1010866.163,"Fon-2023-06-28",2023-06-28
"43","HO","NUGS9N","NOROVIRUS","28.918",5384186.388,"JT-23-19821",2023-06-27
"44","HO","NUGS9N","NOROVIRUS","29.163",4545132.122,"JT-23-19821",2023-06-27
"45","LB","L2N672","NOROVIRUS","31.97",652579.759,"FH-23-19822",2023-06-27
"46","LB","L2N672","NOROVIRUS","31.602",841616.187,"FH-23-19822",2023-06-27
"47","WF","LKRNKJ","NOROVIRUS","33.716",195136.857,"HS-23-19823",2023-06-27
"48","WF","LKRNKJ","NOROVIRUS","Undetermined",0,"HS-23-19823",2023-06-27
"49","B1","B52AV2","NOROVIRUS","30.279",2101364.868,"RB-23-19824",2023-06-27
"50","B1","B52AV2","NOROVIRUS","29.895",2740038.862,"RB-23-19824",2023-06-27
"51","PT","MBJMYL","RSVA","Undetermined",0,"Fon-2023-06-28",2023-06-28
"52","PT","MBJMYL","RSVA","Undetermined",0,"Fon-2023-06-28",2023-06-28
"53","HO","NUGS9N","RSVA","Undetermined",0,"JT-23-19821",2023-06-27
"54","HO","NUGS9N","RSVA","Undetermined",0,"JT-23-19821",2023-06-27
"55","LB","L2N672","RSVA","Undetermined",0,"FH-23-19822",2023-06-27
"56","LB","L2N672","RSVA","Undetermined",0,"FH-23-19822",2023-06-27
"57","WF","LKRNKJ","RSVA","Undetermined",0,"HS-23-19823",2023-06-27
"58","WF","LKRNKJ","RSVA","Undetermined",0,"HS-23-19823",2023-06-27
"59","B1","B52AV2","RSVA","Undetermined",0,"RB-23-19824",2023-06-27
"60","B1","B52AV2","RSVA","Undetermined",0,"RB-23-19824",2023-06-27
"61","PT","MBJMYL","RSVB","Undetermined",0,"Fon-2023-06-28",2023-06-28
"62","PT","MBJMYL","RSVB","Undetermined",0,"Fon-2023-06-28",2023-06-28
"63","HO","NUGS9N","RSVB","Undetermined",0,"JT-23-19821",2023-06-27
"64","HO","NUGS9N","RSVB","Undetermined",0,"JT-23-19821",2023-06-27
"65","LB","L2N672","RSVB","Undetermined",0,"FH-23-19822",2023-06-27
"66","LB","L2N672","RSVB","Undetermined",0,"FH-23-19822",2023-06-27
"67","WF","LKRNKJ","RSVB","Undetermined",0,"HS-23-19823",2023-06-27
"68","WF","LKRNKJ","RSVB","Undetermined",0,"HS-23-19823",2023-06-27
"69","B1","B52AV2","RSVB","Undetermined",0,"RB-23-19824",2023-06-27
"70","B1","B52AV2","RSVB","Undetermined",0,"RB-23-19824",2023-06-27
"71","PT","MBJMYL","WESTNILE","Undetermined",0,"Fon-2023-06-28",2023-06-28
"72","PT","MBJMYL","WESTNILE","Undetermined",0,"Fon-2023-06-28",2023-06-28
"73","HO","NUGS9N","WESTNILE","Undetermined",0,"JT-23-19821",2023-06-27
"74","HO","NUGS9N","WESTNILE","Undetermined",0,"JT-23-19821",2023-06-27
"75","LB","L2N672","WESTNILE","Undetermined",0,"FH-23-19822",2023-06-27
"76","LB","L2N672","WESTNILE","Undetermined",0,"FH-23-19822",2023-06-27
"77","WF","LKRNKJ","WESTNILE","Undetermined",0,"HS-23-19823",2023-06-27
"78","WF","LKRNKJ","WESTNILE","Undetermined",0,"HS-23-19823",2023-06-27
"79","B1","B52AV2","WESTNILE","Undetermined",0,"RB-23-19824",2023-06-27
"80","B1","B52AV2","WESTNILE","Undetermined",0,"RB-23-19824",2023-06-27
"81","PT","MBJMYL","ZIKA","Undetermined",0,"Fon-2023-06-28",2023-06-28
"82","PT","MBJMYL","ZIKA","Undetermined",0,"Fon-2023-06-28",2023-06-28
"83","HO","NUGS9N","ZIKA","Undetermined",0,"JT-23-19821",2023-06-27
"84","HO","NUGS9N","ZIKA","Undetermined",0,"JT-23-19821",2023-06-27
"85","LB","L2N672","ZIKA","Undetermined",0,"FH-23-19822",2023-06-27
"86","LB","L2N672","ZIKA","Undetermined",0,"FH-23-19822",2023-06-27
"87","WF","LKRNKJ","ZIKA","Undetermined",0,"HS-23-19823",2023-06-27
"88","WF","LKRNKJ","ZIKA","Undetermined",0,"HS-23-19823",2023-06-27
"89","B1","B52AV2","ZIKA","Undetermined",0,"RB-23-19824",2023-06-27
"90","B1","B52AV2","ZIKA","Undetermined",0,"RB-23-19824",2023-06-27
"91","PT","MBJMYL","INFLUENZAA","Undetermined",0,"Fon-2023-06-28",2023-06-28
"92","PT","MBJMYL","INFLUENZAA","Undetermined",0,"Fon-2023-06-28",2023-06-28
"93","HO","NUGS9N","INFLUENZAA","Undetermined",0,"JT-23-19821",2023-06-27
"94","HO","NUGS9N","INFLUENZAA","Undetermined",0,"JT-23-19821",2023-06-27
"95","LB","L2N672","INFLUENZAA","Undetermined",0,"FH-23-19822",2023-06-27
"96","LB","L2N672","INFLUENZAA","Undetermined",0,"FH-23-19822",2023-06-27
"97","WF","LKRNKJ","INFLUENZAA","Undetermined",0,"HS-23-19823",2023-06-27
"98","WF","LKRNKJ","INFLUENZAA","Undetermined",0,"HS-23-19823",2023-06-27
"99","B1","B52AV2","INFLUENZAA","Undetermined",0,"RB-23-19824",2023-06-27
"100","B1","B52AV2","INFLUENZAA","Undetermined",0,"RB-23-19824",2023-06-27
"101","PT","MBJMYL","INFLUENZAB","Undetermined",0,"Fon-2023-06-28",2023-06-28
"102","PT","MBJMYL","INFLUENZAB","Undetermined",0,"Fon-2023-06-28",2023-06-28
"103","HO","NUGS9N","INFLUENZAB","Undetermined",0,"JT-23-19821",2023-06-27
"104","HO","NUGS9N","INFLUENZAB","Undetermined",0,"JT-23-19821",2023-06-27
"105","LB","L2N672","INFLUENZAB","Undetermined",0,"FH-23-19822",2023-06-27
"106","LB","L2N672","INFLUENZAB","Undetermined",0,"FH-23-19822",2023-06-27
"107","WF","LKRNKJ","INFLUENZAB","Undetermined",0,"HS-23-19823",2023-06-27
"108","WF","LKRNKJ","INFLUENZAB","Undetermined",0,"HS-23-19823",2023-06-27
"109","B1","B52AV2","INFLUENZAB","Undetermined",0,"RB-23-19824",2023-06-27
"110","B1","B52AV2","INFLUENZAB","Undetermined",0,"RB-23-19824",2023-06-27
"111","PT","MBJMYL","SARSCOV2N1","34.622",5906.804,"Fon-2023-06-28",2023-06-28
"112","PT","MBJMYL","SARSCOV2N1","35.025",4380.076,"Fon-2023-06-28",2023-06-28
"113","HO","NUGS9N","SARSCOV2N1","31.296",69843.625,"JT-23-19821",2023-06-27
"114","HO","NUGS9N","SARSCOV2N1","31.411",64144.441,"JT-23-19821",2023-06-27
"115","LB","L2N672","SARSCOV2N1","34.608",5966.332,"FH-23-19822",2023-06-27
"116","LB","L2N672","SARSCOV2N1","34.401",6962.091,"FH-23-19822",2023-06-27
"117","WF","LKRNKJ","SARSCOV2N1","32.532",27902.486,"HS-23-19823",2023-06-27
"118","WF","LKRNKJ","SARSCOV2N1","32.71",24445.07,"HS-23-19823",2023-06-27
"119","B1","B52AV2","SARSCOV2N1","32.343",32103.037,"RB-23-19824",2023-06-27
"120","B1","B52AV2","SARSCOV2N1","32.168",36559.289,"RB-23-19824",2023-06-27
"121","JT","ZNGEFP","CHIKUNGUNYA","Undetermined",0,"LB_TX1 006272023",2023-06-27
"122","JT","ZNGEFP","CHIKUNGUNYA","Undetermined",0,"LB_TX1 006272023",2023-06-27
"123","FH","U6MPMQ","CHIKUNGUNYA","Undetermined",0,"Wichita Falls-2023-06-27",2023-06-27
"124","FH","U6MPMQ","CHIKUNGUNYA","Undetermined",0,"Wichita Falls-2023-06-27",2023-06-27
"125","HS","STFYK4","CHIKUNGUNYA","Undetermined",0,"BSR62823",2023-06-29
"126","HS","STFYK4","CHIKUNGUNYA","Undetermined",0,"BSR62823",2023-06-29
"127","RB","XN2HE5","CHIKUNGUNYA","Undetermined",0,"SABIB62823",2023-06-29
"128","RB","XN2HE5","CHIKUNGUNYA","Undetermined",0,"SABIB62823",2023-06-29
"129","TC","DX6FM5","CHIKUNGUNYA","Undetermined",0,"BTC-2023-06-28",2023-06-28
"130","TC","DX6FM5","CHIKUNGUNYA","Undetermined",0,"BTC-2023-06-28",2023-06-28
"131","JT","ZNGEFP","DENGUE","Undetermined",0,"LB_TX1 006272023",2023-06-27
"132","JT","ZNGEFP","DENGUE","Undetermined",0,"LB_TX1 006272023",2023-06-27
"133","FH","U6MPMQ","DENGUE","Undetermined",0,"Wichita Falls-2023-06-27",2023-06-27
"134","FH","U6MPMQ","DENGUE","Undetermined",0,"Wichita Falls-2023-06-27",2023-06-27
"135","HS","STFYK4","DENGUE","Undetermined",0,"BSR62823",2023-06-29
"136","HS","STFYK4","DENGUE","Undetermined",0,"BSR62823",2023-06-29
"137","RB","XN2HE5","DENGUE","Undetermined",0,"SABIB62823",2023-06-29
"138","RB","XN2HE5","DENGUE","Undetermined",0,"SABIB62823",2023-06-29
"139","TC","DX6FM5","DENGUE","Undetermined",0,"BTC-2023-06-28",2023-06-28
"140","TC","DX6FM5","DENGUE","Undetermined",0,"BTC-2023-06-28",2023-06-28
"141","JT","ZNGEFP","ENTERO","Undetermined",0,"LB_TX1 006272023",2023-06-27
"142","JT","ZNGEFP","ENTERO","Undetermined",0,"LB_TX1 006272023",2023-06-27
"143","FH","U6MPMQ","ENTERO","Undetermined",0,"Wichita Falls-2023-06-27",2023-06-27
"144","FH","U6MPMQ","ENTERO","Undetermined",0,"Wichita Falls-2023-06-27",2023-06-27
"145","HS","STFYK4","ENTERO","Undetermined",0,"BSR62823",2023-06-29
"146","HS","STFYK4","ENTERO","Undetermined",0,"BSR62823",2023-06-29
"147","RB","XN2HE5","ENTERO","Undetermined",0,"SABIB62823",2023-06-29
"148","RB","XN2HE5","ENTERO","Undetermined",0,"SABIB62823",2023-06-29
"149","TC","DX6FM5","ENTERO","Undetermined",0,"BTC-2023-06-28",2023-06-28
"150","TC","DX6FM5","ENTERO","Undetermined",0,"BTC-2023-06-28",2023-06-28
"151","JT","ZNGEFP","MONKEYPOX","Undetermined",0,"LB_TX1 006272023",2023-06-27
"152","JT","ZNGEFP","MONKEYPOX","Undetermined",0,"LB_TX1 006272023",2023-06-27
"153","FH","U6MPMQ","MONKEYPOX","Undetermined",0,"Wichita Falls-2023-06-27",2023-06-27
"154","FH","U6MPMQ","MONKEYPOX","Undetermined",0,"Wichita Falls-2023-06-27",2023-06-27
"155","HS","STFYK4","MONKEYPOX","Undetermined",0,"BSR62823",2023-06-29
"156","HS","STFYK4","MONKEYPOX","Undetermined",0,"BSR62823",2023-06-29
"157","RB","XN2HE5","MONKEYPOX","Undetermined",0,"SABIB62823",2023-06-29
"158","RB","XN2HE5","MONKEYPOX","Undetermined",0,"SABIB62823",2023-06-29
"159","TC","DX6FM5","MONKEYPOX","Undetermined",0,"BTC-2023-06-28",2023-06-28
"160","TC","DX6FM5","MONKEYPOX","Undetermined",0,"BTC-2023-06-28",2023-06-28
"161","JT","ZNGEFP","NOROVIRUS","29.034",4968498.818,"LB_TX1 006272023",2023-06-27
"162","JT","ZNGEFP","NOROVIRUS","29.167",4531324.778,"LB_TX1 006272023",2023-06-27
"163","FH","U6MPMQ","NOROVIRUS","29.209",4403751.341,"Wichita Falls-2023-06-27",2023-06-27
"164","FH","U6MPMQ","NOROVIRUS","29.304",4121487.81,"Wichita Falls-2023-06-27",2023-06-27
"165","HS","STFYK4","NOROVIRUS","30.505",1796856.848,"BSR62823",2023-06-29
"166","HS","STFYK4","NOROVIRUS","31.012",1265584.82,"BSR62823",2023-06-29
"167","RB","XN2HE5","NOROVIRUS","28.628",6578806.499,"SABIB62823",2023-06-29
"168","RB","XN2HE5","NOROVIRUS","28.415",7622212.402,"SABIB62823",2023-06-29
"169","TC","DX6FM5","NOROVIRUS","Undetermined",0,"BTC-2023-06-28",2023-06-28
"170","TC","DX6FM5","NOROVIRUS","Undetermined",0,"BTC-2023-06-28",2023-06-28
"171","JT","ZNGEFP","RSVA","Undetermined",0,"LB_TX1 006272023",2023-06-27
"172","JT","ZNGEFP","RSVA","Undetermined",0,"LB_TX1 006272023",2023-06-27
"173","FH","U6MPMQ","RSVA","Undetermined",0,"Wichita Falls-2023-06-27",2023-06-27
"174","FH","U6MPMQ","RSVA","Undetermined",0,"Wichita Falls-2023-06-27",2023-06-27
"175","HS","STFYK4","RSVA","Undetermined",0,"BSR62823",2023-06-29
"176","HS","STFYK4","RSVA","Undetermined",0,"BSR62823",2023-06-29
"177","RB","XN2HE5","RSVA","Undetermined",0,"SABIB62823",2023-06-29
"178","RB","XN2HE5","RSVA","Undetermined",0,"SABIB62823",2023-06-29
"179","TC","DX6FM5","RSVA","Undetermined",0,"BTC-2023-06-28",2023-06-28
"180","TC","DX6FM5","RSVA","Undetermined",0,"BTC-2023-06-28",2023-06-28
"181","JT","ZNGEFP","RSVB","Undetermined",0,"LB_TX1 006272023",2023-06-27
"182","JT","ZNGEFP","RSVB","Undetermined",0,"LB_TX1 006272023",2023-06-27
"183","FH","U6MPMQ","RSVB","Undetermined",0,"Wichita Falls-2023-06-27",2023-06-27
"184","FH","U6MPMQ","RSVB","Undetermined",0,"Wichita Falls-2023-06-27",2023-06-27
"185","HS","STFYK4","RSVB","Undetermined",0,"BSR62823",2023-06-29
"186","HS","STFYK4","RSVB","Undetermined",0,"BSR62823",2023-06-29
"187","RB","XN2HE5","RSVB","Undetermined",0,"SABIB62823",2023-06-29
"188","RB","XN2HE5","RSVB","Undetermined",0,"SABIB62823",2023-06-29
"189","TC","DX6FM5","RSVB","Undetermined",0,"BTC-2023-06-28",2023-06-28
"190","TC","DX6FM5","RSVB","Undetermined",0,"BTC-2023-06-28",2023-06-28
"191","JT","ZNGEFP","WESTNILE","Undetermined",0,"LB_TX1 006272023",2023-06-27
"192","JT","ZNGEFP","WESTNILE","Undetermined",0,"LB_TX1 006272023",2023-06-27
"193","FH","U6MPMQ","WESTNILE","Undetermined",0,"Wichita Falls-2023-06-27",2023-06-27
"194","FH","U6MPMQ","WESTNILE","Undetermined",0,"Wichita Falls-2023-06-27",2023-06-27
"195","HS","STFYK4","WESTNILE","Undetermined",0,"BSR62823",2023-06-29
"196","HS","STFYK4","WESTNILE","Undetermined",0,"BSR62823",2023-06-29
"197","RB","XN2HE5","WESTNILE","Undetermined",0,"SABIB62823",2023-06-29
"198","RB","XN2HE5","WESTNILE","Undetermined",0,"SABIB62823",2023-06-29
"199","TC","DX6FM5","WESTNILE","Undetermined",0,"BTC-2023-06-28",2023-06-28
"200","TC","DX6FM5","WESTNILE","Undetermined",0,"BTC-2023-06-28",2023-06-28
"201","JT","ZNGEFP","ZIKA","Undetermined",0,"LB_TX1 006272023",2023-06-27
"202","JT","ZNGEFP","ZIKA","Undetermined",0,"LB_TX1 006272023",2023-06-27
"203","FH","U6MPMQ","ZIKA","Undetermined",0,"Wichita Falls-2023-06-27",2023-06-27
"204","FH","U6MPMQ","ZIKA","Undetermined",0,"Wichita Falls-2023-06-27",2023-06-27
"205","HS","STFYK4","ZIKA","Undetermined",0,"BSR62823",2023-06-29
"206","HS","STFYK4","ZIKA","Undetermined",0,"BSR62823",2023-06-29
"207","RB","XN2HE5","ZIKA","Undetermined",0,"SABIB62823",2023-06-29
"208","RB","XN2HE5","ZIKA","Undetermined",0,"SABIB62823",2023-06-29
"209","TC","DX6FM5","ZIKA","Undetermined",0,"BTC-2023-06-28",2023-06-28
"210","TC","DX6FM5","ZIKA","Undetermined",0,"BTC-2023-06-28",2023-06-28
"211","JT","ZNGEFP","INFLUENZAA","Undetermined",0,"LB_TX1 006272023",2023-06-27
"212","JT","ZNGEFP","INFLUENZAA","Undetermined",0,"LB_TX1 006272023",2023-06-27
"213","FH","U6MPMQ","INFLUENZAA","Undetermined",0,"Wichita Falls-2023-06-27",2023-06-27
"214","FH","U6MPMQ","INFLUENZAA","41.76",699.881,"Wichita Falls-2023-06-27",2023-06-27
"215","HS","STFYK4","INFLUENZAA","Undetermined",0,"BSR62823",2023-06-29
"216","HS","STFYK4","INFLUENZAA","Undetermined",0,"BSR62823",2023-06-29
"217","RB","XN2HE5","INFLUENZAA","Undetermined",0,"SABIB62823",2023-06-29
"218","RB","XN2HE5","INFLUENZAA","Undetermined",0,"SABIB62823",2023-06-29
"219","TC","DX6FM5","INFLUENZAA","Undetermined",0,"BTC-2023-06-28",2023-06-28
"220","TC","DX6FM5","INFLUENZAA","Undetermined",0,"BTC-2023-06-28",2023-06-28
"221","JT","ZNGEFP","INFLUENZAB","Undetermined",0,"LB_TX1 006272023",2023-06-27
"222","JT","ZNGEFP","INFLUENZAB","Undetermined",0,"LB_TX1 006272023",2023-06-27
"223","FH","U6MPMQ","INFLUENZAB","Undetermined",0,"Wichita Falls-2023-06-27",2023-06-27
"224","FH","U6MPMQ","INFLUENZAB","Undetermined",0,"Wichita Falls-2023-06-27",2023-06-27
"225","HS","STFYK4","INFLUENZAB","Undetermined",0,"BSR62823",2023-06-29
"226","HS","STFYK4","INFLUENZAB","Undetermined",0,"BSR62823",2023-06-29
"227","RB","XN2HE5","INFLUENZAB","Undetermined",0,"SABIB62823",2023-06-29
"228","RB","XN2HE5","INFLUENZAB","Undetermined",0,"SABIB62823",2023-06-29
"229","TC","DX6FM5","INFLUENZAB","Undetermined",0,"BTC-2023-06-28",2023-06-28
"230","TC","DX6FM5","INFLUENZAB","Undetermined",0,"BTC-2023-06-28",2023-06-28
"231","JT","ZNGEFP","SARSCOV2N1","31.661",53261.954,"LB_TX1 006272023",2023-06-27
"232","JT","ZNGEFP","SARSCOV2N1","31.095",81095.683,"LB_TX1 006272023",2023-06-27
"233","FH","U6MPMQ","SARSCOV2N1","31.004",86785.936,"Wichita Falls-2023-06-27",2023-06-27
"234","FH","U6MPMQ","SARSCOV2N1","30.599",117218.926,"Wichita Falls-2023-06-27",2023-06-27
"235","HS","STFYK4","SARSCOV2N1","32.141",37302.649,"BSR62823",2023-06-29
"236","HS","STFYK4","SARSCOV2N1","31.482",60840.291,"BSR62823",2023-06-29
"237","RB","XN2HE5","SARSCOV2N1","30.458",130238.586,"SABIB62823",2023-06-29
"238","RB","XN2HE5","SARSCOV2N1","30.172",160944.136,"SABIB62823",2023-06-29
"239","TC","DX6FM5","SARSCOV2N1","35.105",4126.161,"BTC-2023-06-28",2023-06-28
"240","TC","DX6FM5","SARSCOV2N1","34.218",7973.98,"BTC-2023-06-28",2023-06-28
"241","PT","MHQXP7","CHIKUNGUNYA","Undetermined",0,"BTW-2023-06-28",2023-06-28
"242","PT","MHQXP7","CHIKUNGUNYA","Undetermined",0,"BTW-2023-06-28",2023-06-28
"243","HO","YEC3BK","CHIKUNGUNYA","Undetermined",0,"HW-2023-06-28",2023-06-28
"244","HO","YEC3BK","CHIKUNGUNYA","Undetermined",0,"HW-2023-06-28",2023-06-28
"245","PT","MHQXP7","DENGUE","Undetermined",0,"BTW-2023-06-28",2023-06-28
"246","PT","MHQXP7","DENGUE","Undetermined",0,"BTW-2023-06-28",2023-06-28
"247","HO","YEC3BK","DENGUE","Undetermined",0,"HW-2023-06-28",2023-06-28
"248","HO","YEC3BK","DENGUE","Undetermined",0,"HW-2023-06-28",2023-06-28
"249","PT","MHQXP7","ENTERO","Undetermined",0,"BTW-2023-06-28",2023-06-28
"250","PT","MHQXP7","ENTERO","Undetermined",0,"BTW-2023-06-28",2023-06-28
"251","HO","YEC3BK","ENTERO","Undetermined",0,"HW-2023-06-28",2023-06-28
"252","HO","YEC3BK","ENTERO","Undetermined",0,"HW-2023-06-28",2023-06-28
"253","PT","MHQXP7","NOROVIRUS","32.89",345427.829,"BTW-2023-06-28",2023-06-28
"254","PT","MHQXP7","NOROVIRUS","32.571",430618.872,"BTW-2023-06-28",2023-06-28
"255","HO","YEC3BK","NOROVIRUS","31.095",1194830.422,"HW-2023-06-28",2023-06-28
"256","HO","YEC3BK","NOROVIRUS","31.457",930309.794,"HW-2023-06-28",2023-06-28
"257","PT","MHQXP7","RSVA","Undetermined",0,"BTW-2023-06-28",2023-06-28
"258","PT","MHQXP7","RSVA","Undetermined",0,"BTW-2023-06-28",2023-06-28
"259","HO","YEC3BK","RSVA","Undetermined",0,"HW-2023-06-28",2023-06-28
"260","HO","YEC3BK","RSVA","Undetermined",0,"HW-2023-06-28",2023-06-28
"261","PT","MHQXP7","RSVB","Undetermined",0,"BTW-2023-06-28",2023-06-28
"262","PT","MHQXP7","RSVB","Undetermined",0,"BTW-2023-06-28",2023-06-28
"263","HO","YEC3BK","RSVB","Undetermined",0,"HW-2023-06-28",2023-06-28
"264","HO","YEC3BK","RSVB","Undetermined",0,"HW-2023-06-28",2023-06-28
"265","PT","MHQXP7","WESTNILE","Undetermined",0,"BTW-2023-06-28",2023-06-28
"266","PT","MHQXP7","WESTNILE","Undetermined",0,"BTW-2023-06-28",2023-06-28
"267","HO","YEC3BK","WESTNILE","Undetermined",0,"HW-2023-06-28",2023-06-28
"268","HO","YEC3BK","WESTNILE","Undetermined",0,"HW-2023-06-28",2023-06-28
"269","PT","MHQXP7","ZIKA","Undetermined",0,"BTW-2023-06-28",2023-06-28
"270","PT","MHQXP7","ZIKA","Undetermined",0,"BTW-2023-06-28",2023-06-28
"271","HO","YEC3BK","ZIKA","Undetermined",0,"HW-2023-06-28",2023-06-28
"272","HO","YEC3BK","ZIKA","Undetermined",0,"HW-2023-06-28",2023-06-28
"273","PT","MHQXP7","MONKEYPOX","Undetermined",0,"BTW-2023-06-28",2023-06-28
"274","PT","MHQXP7","MONKEYPOX","Undetermined",0,"BTW-2023-06-28",2023-06-28
"275","HO","YEC3BK","MONKEYPOX","Undetermined",0,"HW-2023-06-28",2023-06-28
"276","HO","YEC3BK","MONKEYPOX","Undetermined",0,"HW-2023-06-28",2023-06-28
"277","PT","MHQXP7","INFLUENZAA","Undetermined",0,"BTW-2023-06-28",2023-06-28
"278","PT","MHQXP7","INFLUENZAA","Undetermined",0,"BTW-2023-06-28",2023-06-28
"279","HO","YEC3BK","INFLUENZAA","Undetermined",0,"HW-2023-06-28",2023-06-28
"280","HO","YEC3BK","INFLUENZAA","Undetermined",0,"HW-2023-06-28",2023-06-28
"281","PT","MHQXP7","INFLUENZAB","Undetermined",0,"BTW-2023-06-28",2023-06-28
"282","PT","MHQXP7","INFLUENZAB","Undetermined",0,"BTW-2023-06-28",2023-06-28
"283","HO","YEC3BK","INFLUENZAB","Undetermined",0,"HW-2023-06-28",2023-06-28
"284","HO","YEC3BK","INFLUENZAB","Undetermined",0,"HW-2023-06-28",2023-06-28
"285","PT","MHQXP7","SARSCOV2N1","32.713",24392.471,"BTW-2023-06-28",2023-06-28
"286","PT","MHQXP7","SARSCOV2N1","32.767",23419.541,"BTW-2023-06-28",2023-06-28
"287","HO","YEC3BK","SARSCOV2N1","Undetermined",0,"HW-2023-06-28",2023-06-28
"288","HO","YEC3BK","SARSCOV2N1","Undetermined",0,"HW-2023-06-28",2023-06-28
"289","JT","NUGS9N","CHIKUNGUNYA","Undetermined",0,"JT-23-19821",2023-06-27
"290","JT","NUGS9N","CHIKUNGUNYA","Undetermined",0,"JT-23-19821",2023-06-27
"291","FH","L2N672","CHIKUNGUNYA","Undetermined",0,"FH-23-19822",2023-06-27
"292","FH","L2N672","CHIKUNGUNYA","Undetermined",0,"FH-23-19822",2023-06-27
"293","HS","LKRNKJ","CHIKUNGUNYA","Undetermined",0,"HS-23-19823",2023-06-27
"294","HS","LKRNKJ","CHIKUNGUNYA","Undetermined",0,"HS-23-19823",2023-06-27
"295","RB","B52AV2","CHIKUNGUNYA","Undetermined",0,"RB-23-19824",2023-06-27
"296","RB","B52AV2","CHIKUNGUNYA","Undetermined",0,"RB-23-19824",2023-06-27
"297","AS","D3MSXV","CHIKUNGUNYA","Undetermined",0,"AS-23-0627",2023-06-27
"298","AS","D3MSXV","CHIKUNGUNYA","Undetermined",0,"AS-23-0627",2023-06-27
"299","TC","RSBPHM","CHIKUNGUNYA","Undetermined",0,"TC-23-0627",2023-06-27
"300","TC","RSBPHM","CHIKUNGUNYA","Undetermined",0,"TC-23-0627",2023-06-27
"301","MC","Q89HNB","CHIKUNGUNYA","Undetermined",0,"MC-23-0627",2023-06-27
"302","MC","Q89HNB","CHIKUNGUNYA","Undetermined",0,"MC-23-0627",2023-06-27
"303","IA","PEXS9L","CHIKUNGUNYA","Undetermined",0,"IA-23-0627",2023-06-27
"304","IA","PEXS9L","CHIKUNGUNYA","Undetermined",0,"IA-23-0627",2023-06-27
"305","PT","VVUEJ5","CHIKUNGUNYA","Undetermined",0,"PT-23-0627",2023-06-27
"306","PT","VVUEJ5","CHIKUNGUNYA","Undetermined",0,"PT-23-0627",2023-06-27
"307","HO","AW6NJ5","CHIKUNGUNYA","Undetermined",0,"HO-23-0627",2023-06-27
"308","HO","AW6NJ5","CHIKUNGUNYA","Undetermined",0,"HO-23-0627",2023-06-27
"309","LB","ZNGEFP","CHIKUNGUNYA","Undetermined",0,"LB_TX1 006272023",2023-06-27
"310","LB","ZNGEFP","CHIKUNGUNYA","Undetermined",0,"LB_TX1 006272023",2023-06-27
"311","WF","U6MPMQ","CHIKUNGUNYA","Undetermined",0,"Wichita Falls-2023-06-27",2023-06-27
"312","WF","U6MPMQ","CHIKUNGUNYA","Undetermined",0,"Wichita Falls-2023-06-27",2023-06-27
"313","B1","STFYK4","CHIKUNGUNYA","Undetermined",0,"BSR62823",2023-06-29
"314","B1","STFYK4","CHIKUNGUNYA","Undetermined",0,"BSR62823",2023-06-29
"315","B2","XN2HE5","CHIKUNGUNYA","Undetermined",0,"SABIB62823",2023-06-29
"316","B2","XN2HE5","CHIKUNGUNYA","Undetermined",0,"SABIB62823",2023-06-29
"317","BC","DX6FM5","CHIKUNGUNYA","Undetermined",0,"BTC-2023-06-28",2023-06-28
"318","BC","DX6FM5","CHIKUNGUNYA","Undetermined",0,"BTC-2023-06-28",2023-06-28
"319","BW","MHQXP7","CHIKUNGUNYA","Undetermined",0,"BTW-2023-06-28",2023-06-28
"320","BW","MHQXP7","CHIKUNGUNYA","Undetermined",0,"BTW-2023-06-28",2023-06-28
"321","HW","YEC3BK","CHIKUNGUNYA","Undetermined",0,"HW-2023-06-28",2023-06-28
"322","HW","YEC3BK","CHIKUNGUNYA","Undetermined",0,"HW-2023-06-28",2023-06-28
"323","FR","MBJMYL","CHIKUNGUNYA","Undetermined",0,"Fon-2023-06-28",2023-06-28
"324","FR","MBJMYL","CHIKUNGUNYA","Undetermined",0,"Fon-2023-06-28",2023-06-28
"325","JT","NUGS9N","DENGUE","Undetermined",0,"JT-23-19821",2023-06-27
"326","JT","NUGS9N","DENGUE","Undetermined",0,"JT-23-19821",2023-06-27
"327","FH","L2N672","DENGUE","Undetermined",0,"FH-23-19822",2023-06-27
"328","FH","L2N672","DENGUE","Undetermined",0,"FH-23-19822",2023-06-27
"329","HS","LKRNKJ","DENGUE","Undetermined",0,"HS-23-19823",2023-06-27
"330","HS","LKRNKJ","DENGUE","Undetermined",0,"HS-23-19823",2023-06-27
"331","RB","B52AV2","DENGUE","Undetermined",0,"RB-23-19824",2023-06-27
"332","RB","B52AV2","DENGUE","Undetermined",0,"RB-23-19824",2023-06-27
"333","AS","D3MSXV","DENGUE","Undetermined",0,"AS-23-0627",2023-06-27
"334","AS","D3MSXV","DENGUE","Undetermined",0,"AS-23-0627",2023-06-27
"335","TC","RSBPHM","DENGUE","Undetermined",0,"TC-23-0627",2023-06-27
"336","TC","RSBPHM","DENGUE","Undetermined",0,"TC-23-0627",2023-06-27
"337","MC","Q89HNB","DENGUE","Undetermined",0,"MC-23-0627",2023-06-27
"338","MC","Q89HNB","DENGUE","Undetermined",0,"MC-23-0627",2023-06-27
"339","IA","PEXS9L","DENGUE","Undetermined",0,"IA-23-0627",2023-06-27
"340","IA","PEXS9L","DENGUE","Undetermined",0,"IA-23-0627",2023-06-27
"341","PT","VVUEJ5","DENGUE","Undetermined",0,"PT-23-0627",2023-06-27
"342","PT","VVUEJ5","DENGUE","Undetermined",0,"PT-23-0627",2023-06-27
"343","HO","AW6NJ5","DENGUE","Undetermined",0,"HO-23-0627",2023-06-27
"344","HO","AW6NJ5","DENGUE","Undetermined",0,"HO-23-0627",2023-06-27
"345","LB","ZNGEFP","DENGUE","Undetermined",0,"LB_TX1 006272023",2023-06-27
"346","LB","ZNGEFP","DENGUE","Undetermined",0,"LB_TX1 006272023",2023-06-27
"347","WF","U6MPMQ","DENGUE","Undetermined",0,"Wichita Falls-2023-06-27",2023-06-27
"348","WF","U6MPMQ","DENGUE","Undetermined",0,"Wichita Falls-2023-06-27",2023-06-27
"349","B1","STFYK4","DENGUE","Undetermined",0,"BSR62823",2023-06-29
"350","B1","STFYK4","DENGUE","Undetermined",0,"BSR62823",2023-06-29
"351","B2","XN2HE5","DENGUE","Undetermined",0,"SABIB62823",2023-06-29
"352","B2","XN2HE5","DENGUE","Undetermined",0,"SABIB62823",2023-06-29
"353","BC","DX6FM5","DENGUE","Undetermined",0,"BTC-2023-06-28",2023-06-28
"354","BC","DX6FM5","DENGUE","Undetermined",0,"BTC-2023-06-28",2023-06-28
"355","BW","MHQXP7","DENGUE","Undetermined",0,"BTW-2023-06-28",2023-06-28
"356","BW","MHQXP7","DENGUE","Undetermined",0,"BTW-2023-06-28",2023-06-28
"357","HW","YEC3BK","DENGUE","Undetermined",0,"HW-2023-06-28",2023-06-28
"358","HW","YEC3BK","DENGUE","Undetermined",0,"HW-2023-06-28",2023-06-28
"359","FR","MBJMYL","DENGUE","Undetermined",0,"Fon-2023-06-28",2023-06-28
"360","FR","MBJMYL","DENGUE","Undetermined",0,"Fon-2023-06-28",2023-06-28
"361","JT","NUGS9N","ENTERO","Undetermined",0,"JT-23-19821",2023-06-27
"362","JT","NUGS9N","ENTERO","Undetermined",0,"JT-23-19821",2023-06-27
"363","FH","L2N672","ENTERO","Undetermined",0,"FH-23-19822",2023-06-27
"364","FH","L2N672","ENTERO","Undetermined",0,"FH-23-19822",2023-06-27
"365","HS","LKRNKJ","ENTERO","Undetermined",0,"HS-23-19823",2023-06-27
"366","HS","LKRNKJ","ENTERO","Undetermined",0,"HS-23-19823",2023-06-27
"367","RB","B52AV2","ENTERO","Undetermined",0,"RB-23-19824",2023-06-27
"368","RB","B52AV2","ENTERO","Undetermined",0,"RB-23-19824",2023-06-27
"369","AS","D3MSXV","ENTERO","Undetermined",0,"AS-23-0627",2023-06-27
"370","AS","D3MSXV","ENTERO","Undetermined",0,"AS-23-0627",2023-06-27
"371","TC","RSBPHM","ENTERO","Undetermined",0,"TC-23-0627",2023-06-27
"372","TC","RSBPHM","ENTERO","Undetermined",0,"TC-23-0627",2023-06-27
"373","MC","Q89HNB","ENTERO","Undetermined",0,"MC-23-0627",2023-06-27
"374","MC","Q89HNB","ENTERO","Undetermined",0,"MC-23-0627",2023-06-27
"375","IA","PEXS9L","ENTERO","Undetermined",0,"IA-23-0627",2023-06-27
"376","IA","PEXS9L","ENTERO","Undetermined",0,"IA-23-0627",2023-06-27
"377","PT","VVUEJ5","ENTERO","Undetermined",0,"PT-23-0627",2023-06-27
"378","PT","VVUEJ5","ENTERO","Undetermined",0,"PT-23-0627",2023-06-27
"379","HO","AW6NJ5","ENTERO","Undetermined",0,"HO-23-0627",2023-06-27
"380","HO","AW6NJ5","ENTERO","Undetermined",0,"HO-23-0627",2023-06-27
"381","LB","ZNGEFP","ENTERO","Undetermined",0,"LB_TX1 006272023",2023-06-27
"382","LB","ZNGEFP","ENTERO","Undetermined",0,"LB_TX1 006272023",2023-06-27
"383","WF","U6MPMQ","ENTERO","Undetermined",0,"Wichita Falls-2023-06-27",2023-06-27
"384","WF","U6MPMQ","ENTERO","Undetermined",0,"Wichita Falls-2023-06-27",2023-06-27
"385","B1","STFYK4","ENTERO","Undetermined",0,"BSR62823",2023-06-29
"386","B1","STFYK4","ENTERO","Undetermined",0,"BSR62823",2023-06-29
"387","B2","XN2HE5","ENTERO","Undetermined",0,"SABIB62823",2023-06-29
"388","B2","XN2HE5","ENTERO","Undetermined",0,"SABIB62823",2023-06-29
"389","BC","DX6FM5","ENTERO","Undetermined",0,"BTC-2023-06-28",2023-06-28
"390","BC","DX6FM5","ENTERO","Undetermined",0,"BTC-2023-06-28",2023-06-28
"391","BW","MHQXP7","ENTERO","Undetermined",0,"BTW-2023-06-28",2023-06-28
"392","BW","MHQXP7","ENTERO","Undetermined",0,"BTW-2023-06-28",2023-06-28
"393","HW","YEC3BK","ENTERO","Undetermined",0,"HW-2023-06-28",2023-06-28
"394","HW","YEC3BK","ENTERO","Undetermined",0,"HW-2023-06-28",2023-06-28
"395","FR","MBJMYL","ENTERO","Undetermined",0,"Fon-2023-06-28",2023-06-28
"396","FR","MBJMYL","ENTERO","Undetermined",0,"Fon-2023-06-28",2023-06-28
"397","JT","NUGS9N","NOROVIRUS","35.074",76253.754,"JT-23-19821",2023-06-27
"398","JT","NUGS9N","NOROVIRUS","44.623",103.47,"JT-23-19821",2023-06-27
"399","FH","L2N672","NOROVIRUS","33.34",252919.286,"FH-23-19822",2023-06-27
"400","FH","L2N672","NOROVIRUS","32.281",526271.893,"FH-23-19822",2023-06-27
"401","HS","LKRNKJ","NOROVIRUS","38.109",9354.703,"HS-23-19823",2023-06-27
"402","HS","LKRNKJ","NOROVIRUS","32.351",501405.571,"HS-23-19823",2023-06-27
"403","RB","B52AV2","NOROVIRUS","30.578",1708407.846,"RB-23-19824",2023-06-27
"404","RB","B52AV2","NOROVIRUS","31.805",731548.643,"RB-23-19824",2023-06-27
"405","AS","D3MSXV","NOROVIRUS","Undetermined",0,"AS-23-0627",2023-06-27
"406","AS","D3MSXV","NOROVIRUS","Undetermined",0,"AS-23-0627",2023-06-27
"407","TC","RSBPHM","NOROVIRUS","30.452",1864315.821,"TC-23-0627",2023-06-27
"408","TC","RSBPHM","NOROVIRUS","31.643",817865.045,"TC-23-0627",2023-06-27
"409","MC","Q89HNB","NOROVIRUS","Undetermined",0,"MC-23-0627",2023-06-27
"410","MC","Q89HNB","NOROVIRUS","Undetermined",0,"MC-23-0627",2023-06-27
"411","IA","PEXS9L","NOROVIRUS","Undetermined",0,"IA-23-0627",2023-06-27
"412","IA","PEXS9L","NOROVIRUS","Undetermined",0,"IA-23-0627",2023-06-27
"413","PT","VVUEJ5","NOROVIRUS","Undetermined",0,"PT-23-0627",2023-06-27
"414","PT","VVUEJ5","NOROVIRUS","Undetermined",0,"PT-23-0627",2023-06-27
"415","HO","AW6NJ5","NOROVIRUS","37.248",16960.49,"HO-23-0627",2023-06-27
"416","HO","AW6NJ5","NOROVIRUS","Undetermined",0,"HO-23-0627",2023-06-27
"417","LB","ZNGEFP","NOROVIRUS","Undetermined",0,"LB_TX1 006272023",2023-06-27
"418","LB","ZNGEFP","NOROVIRUS","Undetermined",0,"LB_TX1 006272023",2023-06-27
"419","WF","U6MPMQ","NOROVIRUS","Undetermined",0,"Wichita Falls-2023-06-27",2023-06-27
"420","WF","U6MPMQ","NOROVIRUS","Undetermined",0,"Wichita Falls-2023-06-27",2023-06-27
"421","B1","STFYK4","NOROVIRUS","30.181",2247453.197,"BSR62823",2023-06-29
"422","B1","STFYK4","NOROVIRUS","30.765",1501500.535,"BSR62823",2023-06-29
"423","B2","XN2HE5","NOROVIRUS","33.612",209628.543,"SABIB62823",2023-06-29
"424","B2","XN2HE5","NOROVIRUS","33.752",190312.991,"SABIB62823",2023-06-29
"425","BC","DX6FM5","NOROVIRUS","34.972",81854.396,"BTC-2023-06-28",2023-06-28
"426","BC","DX6FM5","NOROVIRUS","Undetermined",0,"BTC-2023-06-28",2023-06-28
"427","BW","MHQXP7","NOROVIRUS","Undetermined",0,"BTW-2023-06-28",2023-06-28
"428","BW","MHQXP7","NOROVIRUS","Undetermined",0,"BTW-2023-06-28",2023-06-28
"429","HW","YEC3BK","NOROVIRUS","41.783",737.134,"HW-2023-06-28",2023-06-28
"430","HW","YEC3BK","NOROVIRUS","Undetermined",0,"HW-2023-06-28",2023-06-28
"431","FR","MBJMYL","NOROVIRUS","Undetermined",0,"Fon-2023-06-28",2023-06-28
"432","FR","MBJMYL","NOROVIRUS","Undetermined",0,"Fon-2023-06-28",2023-06-28
"433","JT","NUGS9N","RSVA","Undetermined",0,"JT-23-19821",2023-06-27
"434","JT","NUGS9N","RSVA","Undetermined",0,"JT-23-19821",2023-06-27
"435","FH","L2N672","RSVA","Undetermined",0,"FH-23-19822",2023-06-27
"436","FH","L2N672","RSVA","Undetermined",0,"FH-23-19822",2023-06-27
"437","HS","LKRNKJ","RSVA","Undetermined",0,"HS-23-19823",2023-06-27
"438","HS","LKRNKJ","RSVA","Undetermined",0,"HS-23-19823",2023-06-27
"439","RB","B52AV2","RSVA","Undetermined",0,"RB-23-19824",2023-06-27
"440","RB","B52AV2","RSVA","Undetermined",0,"RB-23-19824",2023-06-27
"441","AS","D3MSXV","RSVA","Undetermined",0,"AS-23-0627",2023-06-27
"442","AS","D3MSXV","RSVA","Undetermined",0,"AS-23-0627",2023-06-27
"443","TC","RSBPHM","RSVA","Undetermined",0,"TC-23-0627",2023-06-27
"444","TC","RSBPHM","RSVA","Undetermined",0,"TC-23-0627",2023-06-27
"445","MC","Q89HNB","RSVA","Undetermined",0,"MC-23-0627",2023-06-27
"446","MC","Q89HNB","RSVA","Undetermined",0,"MC-23-0627",2023-06-27
"447","IA","PEXS9L","RSVA","Undetermined",0,"IA-23-0627",2023-06-27
"448","IA","PEXS9L","RSVA","Undetermined",0,"IA-23-0627",2023-06-27
"449","PT","VVUEJ5","RSVA","Undetermined",0,"PT-23-0627",2023-06-27
"450","PT","VVUEJ5","RSVA","Undetermined",0,"PT-23-0627",2023-06-27
"451","HO","AW6NJ5","RSVA","Undetermined",0,"HO-23-0627",2023-06-27
"452","HO","AW6NJ5","RSVA","Undetermined",0,"HO-23-0627",2023-06-27
"453","LB","ZNGEFP","RSVA","Undetermined",0,"LB_TX1 006272023",2023-06-27
"454","LB","ZNGEFP","RSVA","Undetermined",0,"LB_TX1 006272023",2023-06-27
"455","WF","U6MPMQ","RSVA","Undetermined",0,"Wichita Falls-2023-06-27",2023-06-27
"456","WF","U6MPMQ","RSVA","Undetermined",0,"Wichita Falls-2023-06-27",2023-06-27
"457","B1","STFYK4","RSVA","Undetermined",0,"BSR62823",2023-06-29
"458","B1","STFYK4","RSVA","Undetermined",0,"BSR62823",2023-06-29
"459","B2","XN2HE5","RSVA","Undetermined",0,"SABIB62823",2023-06-29
"460","B2","XN2HE5","RSVA","Undetermined",0,"SABIB62823",2023-06-29
"461","BC","DX6FM5","RSVA","Undetermined",0,"BTC-2023-06-28",2023-06-28
"462","BC","DX6FM5","RSVA","Undetermined",0,"BTC-2023-06-28",2023-06-28
"463","BW","MHQXP7","RSVA","Undetermined",0,"BTW-2023-06-28",2023-06-28
"464","BW","MHQXP7","RSVA","Undetermined",0,"BTW-2023-06-28",2023-06-28
"465","HW","YEC3BK","RSVA","Undetermined",0,"HW-2023-06-28",2023-06-28
"466","HW","YEC3BK","RSVA","Undetermined",0,"HW-2023-06-28",2023-06-28
"467","FR","MBJMYL","RSVA","Undetermined",0,"Fon-2023-06-28",2023-06-28
"468","FR","MBJMYL","RSVA","Undetermined",0,"Fon-2023-06-28",2023-06-28
"469","JT","NUGS9N","RSVB","Undetermined",0,"JT-23-19821",2023-06-27
"470","JT","NUGS9N","RSVB","Undetermined",0,"JT-23-19821",2023-06-27
"471","FH","L2N672","RSVB","Undetermined",0,"FH-23-19822",2023-06-27
"472","FH","L2N672","RSVB","Undetermined",0,"FH-23-19822",2023-06-27
"473","HS","LKRNKJ","RSVB","Undetermined",0,"HS-23-19823",2023-06-27
"474","HS","LKRNKJ","RSVB","Undetermined",0,"HS-23-19823",2023-06-27
"475","RB","B52AV2","RSVB","Undetermined",0,"RB-23-19824",2023-06-27
"476","RB","B52AV2","RSVB","Undetermined",0,"RB-23-19824",2023-06-27
"477","AS","D3MSXV","RSVB","Undetermined",0,"AS-23-0627",2023-06-27
"478","AS","D3MSXV","RSVB","Undetermined",0,"AS-23-0627",2023-06-27
"479","TC","RSBPHM","RSVB","Undetermined",0,"TC-23-0627",2023-06-27
"480","TC","RSBPHM","RSVB","Undetermined",0,"TC-23-0627",2023-06-27
"481","MC","Q89HNB","RSVB","Undetermined",0,"MC-23-0627",2023-06-27
"482","MC","Q89HNB","RSVB","Undetermined",0,"MC-23-0627",2023-06-27
"483","IA","PEXS9L","RSVB","Undetermined",0,"IA-23-0627",2023-06-27
"484","IA","PEXS9L","RSVB","Undetermined",0,"IA-23-0627",2023-06-27
"485","PT","VVUEJ5","RSVB","Undetermined",0,"PT-23-0627",2023-06-27
"486","PT","VVUEJ5","RSVB","Undetermined",0,"PT-23-0627",2023-06-27
"487","HO","AW6NJ5","RSVB","Undetermined",0,"HO-23-0627",2023-06-27
"488","HO","AW6NJ5","RSVB","Undetermined",0,"HO-23-0627",2023-06-27
"489","LB","ZNGEFP","RSVB","Undetermined",0,"LB_TX1 006272023",2023-06-27
"490","LB","ZNGEFP","RSVB","Undetermined",0,"LB_TX1 006272023",2023-06-27
"491","WF","U6MPMQ","RSVB","Undetermined",0,"Wichita Falls-2023-06-27",2023-06-27
"492","WF","U6MPMQ","RSVB","Undetermined",0,"Wichita Falls-2023-06-27",2023-06-27
"493","B1","STFYK4","RSVB","Undetermined",0,"BSR62823",2023-06-29
"494","B1","STFYK4","RSVB","Undetermined",0,"BSR62823",2023-06-29
"495","B2","XN2HE5","RSVB","Undetermined",0,"SABIB62823",2023-06-29
"496","B2","XN2HE5","RSVB","Undetermined",0,"SABIB62823",2023-06-29
"497","BC","DX6FM5","RSVB","Undetermined",0,"BTC-2023-06-28",2023-06-28
"498","BC","DX6FM5","RSVB","Undetermined",0,"BTC-2023-06-28",2023-06-28
"499","BW","MHQXP7","RSVB","Undetermined",0,"BTW-2023-06-28",2023-06-28
"500","BW","MHQXP7","RSVB","Undetermined",0,"BTW-2023-06-28",2023-06-28
"501","HW","YEC3BK","RSVB","Undetermined",0,"HW-2023-06-28",2023-06-28
"502","HW","YEC3BK","RSVB","Undetermined",0,"HW-2023-06-28",2023-06-28
"503","FR","MBJMYL","RSVB","Undetermined",0,"Fon-2023-06-28",2023-06-28
"504","FR","MBJMYL","RSVB","Undetermined",0,"Fon-2023-06-28",2023-06-28
"505","JT","NUGS9N","WESTNILE","Undetermined",0,"JT-23-19821",2023-06-27
"506","JT","NUGS9N","WESTNILE","Undetermined",0,"JT-23-19821",2023-06-27
"507","FH","L2N672","WESTNILE","Undetermined",0,"FH-23-19822",2023-06-27
"508","FH","L2N672","WESTNILE","Undetermined",0,"FH-23-19822",2023-06-27
"509","HS","LKRNKJ","WESTNILE","Undetermined",0,"HS-23-19823",2023-06-27
"510","HS","LKRNKJ","WESTNILE","Undetermined",0,"HS-23-19823",2023-06-27
"511","RB","B52AV2","WESTNILE","Undetermined",0,"RB-23-19824",2023-06-27
"512","RB","B52AV2","WESTNILE","Undetermined",0,"RB-23-19824",2023-06-27
"513","AS","D3MSXV","WESTNILE","Undetermined",0,"AS-23-0627",2023-06-27
"514","AS","D3MSXV","WESTNILE","Undetermined",0,"AS-23-0627",2023-06-27
"515","TC","RSBPHM","WESTNILE","Undetermined",0,"TC-23-0627",2023-06-27
"516","TC","RSBPHM","WESTNILE","Undetermined",0,"TC-23-0627",2023-06-27
"517","MC","Q89HNB","WESTNILE","Undetermined",0,"MC-23-0627",2023-06-27
"518","MC","Q89HNB","WESTNILE","Undetermined",0,"MC-23-0627",2023-06-27
"519","IA","PEXS9L","WESTNILE","Undetermined",0,"IA-23-0627",2023-06-27
"520","IA","PEXS9L","WESTNILE","Undetermined",0,"IA-23-0627",2023-06-27
"521","PT","VVUEJ5","WESTNILE","Undetermined",0,"PT-23-0627",2023-06-27
"522","PT","VVUEJ5","WESTNILE","Undetermined",0,"PT-23-0627",2023-06-27
"523","HO","AW6NJ5","WESTNILE","Undetermined",0,"HO-23-0627",2023-06-27
"524","HO","AW6NJ5","WESTNILE","Undetermined",0,"HO-23-0627",2023-06-27
"525","LB","ZNGEFP","WESTNILE","Undetermined",0,"LB_TX1 006272023",2023-06-27
"526","LB","ZNGEFP","WESTNILE","Undetermined",0,"LB_TX1 006272023",2023-06-27
"527","WF","U6MPMQ","WESTNILE","Undetermined",0,"Wichita Falls-2023-06-27",2023-06-27
"528","WF","U6MPMQ","WESTNILE","Undetermined",0,"Wichita Falls-2023-06-27",2023-06-27
"529","B1","STFYK4","WESTNILE","Undetermined",0,"BSR62823",2023-06-29
"530","B1","STFYK4","WESTNILE","Undetermined",0,"BSR62823",2023-06-29
"531","B2","XN2HE5","WESTNILE","Undetermined",0,"SABIB62823",2023-06-29
"532","B2","XN2HE5","WESTNILE","Undetermined",0,"SABIB62823",2023-06-29
"533","BC","DX6FM5","WESTNILE","Undetermined",0,"BTC-2023-06-28",2023-06-28
"534","BC","DX6FM5","WESTNILE","Undetermined",0,"BTC-2023-06-28",2023-06-28
"535","BW","MHQXP7","WESTNILE","Undetermined",0,"BTW-2023-06-28",2023-06-28
"536","BW","MHQXP7","WESTNILE","Undetermined",0,"BTW-2023-06-28",2023-06-28
"537","HW","YEC3BK","WESTNILE","Undetermined",0,"HW-2023-06-28",2023-06-28
"538","HW","YEC3BK","WESTNILE","Undetermined",0,"HW-2023-06-28",2023-06-28
"539","FR","MBJMYL","WESTNILE","Undetermined",0,"Fon-2023-06-28",2023-06-28
"540","FR","MBJMYL","WESTNILE","Undetermined",0,"Fon-2023-06-28",2023-06-28
"541","JT","NUGS9N","ZIKA","Undetermined",0,"JT-23-19821",2023-06-27
"542","JT","NUGS9N","ZIKA","Undetermined",0,"JT-23-19821",2023-06-27
"543","FH","L2N672","ZIKA","Undetermined",0,"FH-23-19822",2023-06-27
"544","FH","L2N672","ZIKA","Undetermined",0,"FH-23-19822",2023-06-27
"545","HS","LKRNKJ","ZIKA","Undetermined",0,"HS-23-19823",2023-06-27
"546","HS","LKRNKJ","ZIKA","Undetermined",0,"HS-23-19823",2023-06-27
"547","RB","B52AV2","ZIKA","Undetermined",0,"RB-23-19824",2023-06-27
"548","RB","B52AV2","ZIKA","Undetermined",0,"RB-23-19824",2023-06-27
"549","AS","D3MSXV","ZIKA","Undetermined",0,"AS-23-0627",2023-06-27
"550","AS","D3MSXV","ZIKA","Undetermined",0,"AS-23-0627",2023-06-27
"551","TC","RSBPHM","ZIKA","Undetermined",0,"TC-23-0627",2023-06-27
"552","TC","RSBPHM","ZIKA","Undetermined",0,"TC-23-0627",2023-06-27
"553","MC","Q89HNB","ZIKA","Undetermined",0,"MC-23-0627",2023-06-27
"554","MC","Q89HNB","ZIKA","Undetermined",0,"MC-23-0627",2023-06-27
"555","IA","PEXS9L","ZIKA","Undetermined",0,"IA-23-0627",2023-06-27
"556","IA","PEXS9L","ZIKA","Undetermined",0,"IA-23-0627",2023-06-27
"557","PT","VVUEJ5","ZIKA","Undetermined",0,"PT-23-0627",2023-06-27
"558","PT","VVUEJ5","ZIKA","Undetermined",0,"PT-23-0627",2023-06-27
"559","HO","AW6NJ5","ZIKA","Undetermined",0,"HO-23-0627",2023-06-27
"560","HO","AW6NJ5","ZIKA","Undetermined",0,"HO-23-0627",2023-06-27
"561","LB","ZNGEFP","ZIKA","Undetermined",0,"LB_TX1 006272023",2023-06-27
"562","LB","ZNGEFP","ZIKA","Undetermined",0,"LB_TX1 006272023",2023-06-27
"563","WF","U6MPMQ","ZIKA","Undetermined",0,"Wichita Falls-2023-06-27",2023-06-27
"564","WF","U6MPMQ","ZIKA","Undetermined",0,"Wichita Falls-2023-06-27",2023-06-27
"565","B1","STFYK4","ZIKA","Undetermined",0,"BSR62823",2023-06-29
"566","B1","STFYK4","ZIKA","Undetermined",0,"BSR62823",2023-06-29
"567","B2","XN2HE5","ZIKA","Undetermined",0,"SABIB62823",2023-06-29
"568","B2","XN2HE5","ZIKA","Undetermined",0,"SABIB62823",2023-06-29
"569","BC","DX6FM5","ZIKA","Undetermined",0,"BTC-2023-06-28",2023-06-28
"570","BC","DX6FM5","ZIKA","Undetermined",0,"BTC-2023-06-28",2023-06-28
"571","BW","MHQXP7","ZIKA","Undetermined",0,"BTW-2023-06-28",2023-06-28
"572","BW","MHQXP7","ZIKA","Undetermined",0,"BTW-2023-06-28",2023-06-28
"573","HW","YEC3BK","ZIKA","Undetermined",0,"HW-2023-06-28",2023-06-28
"574","HW","YEC3BK","ZIKA","Undetermined",0,"HW-2023-06-28",2023-06-28
"575","FR","MBJMYL","ZIKA","Undetermined",0,"Fon-2023-06-28",2023-06-28
"576","FR","MBJMYL","ZIKA","Undetermined",0,"Fon-2023-06-28",2023-06-28
"577","JT","NUGS9N","MONKEYPOX","Undetermined",0,"JT-23-19821",2023-06-27
"578","JT","NUGS9N","MONKEYPOX","Undetermined",0,"JT-23-19821",2023-06-27
"579","FH","L2N672","MONKEYPOX","Undetermined",0,"FH-23-19822",2023-06-27
"580","FH","L2N672","MONKEYPOX","Undetermined",0,"FH-23-19822",2023-06-27
"581","HS","LKRNKJ","MONKEYPOX","Undetermined",0,"HS-23-19823",2023-06-27
"582","HS","LKRNKJ","MONKEYPOX","Undetermined",0,"HS-23-19823",2023-06-27
"583","RB","B52AV2","MONKEYPOX","Undetermined",0,"RB-23-19824",2023-06-27
"584","RB","B52AV2","MONKEYPOX","Undetermined",0,"RB-23-19824",2023-06-27
"585","AS","D3MSXV","MONKEYPOX","Undetermined",0,"AS-23-0627",2023-06-27
"586","AS","D3MSXV","MONKEYPOX","Undetermined",0,"AS-23-0627",2023-06-27
"587","TC","RSBPHM","MONKEYPOX","Undetermined",0,"TC-23-0627",2023-06-27
"588","TC","RSBPHM","MONKEYPOX","Undetermined",0,"TC-23-0627",2023-06-27
"589","MC","Q89HNB","MONKEYPOX","Undetermined",0,"MC-23-0627",2023-06-27
"590","MC","Q89HNB","MONKEYPOX","Undetermined",0,"MC-23-0627",2023-06-27
"591","IA","PEXS9L","MONKEYPOX","Undetermined",0,"IA-23-0627",2023-06-27
"592","IA","PEXS9L","MONKEYPOX","Undetermined",0,"IA-23-0627",2023-06-27
"593","PT","VVUEJ5","MONKEYPOX","Undetermined",0,"PT-23-0627",2023-06-27
"594","PT","VVUEJ5","MONKEYPOX","Undetermined",0,"PT-23-0627",2023-06-27
"595","HO","AW6NJ5","MONKEYPOX","Undetermined",0,"HO-23-0627",2023-06-27
"596","HO","AW6NJ5","MONKEYPOX","Undetermined",0,"HO-23-0627",2023-06-27
"597","LB","ZNGEFP","MONKEYPOX","Undetermined",0,"LB_TX1 006272023",2023-06-27
"598","LB","ZNGEFP","MONKEYPOX","Undetermined",0,"LB_TX1 006272023",2023-06-27
"599","WF","U6MPMQ","MONKEYPOX","Undetermined",0,"Wichita Falls-2023-06-27",2023-06-27
"600","WF","U6MPMQ","MONKEYPOX","Undetermined",0,"Wichita Falls-2023-06-27",2023-06-27
"601","B1","STFYK4","MONKEYPOX","Undetermined",0,"BSR62823",2023-06-29
"602","B1","STFYK4","MONKEYPOX","Undetermined",0,"BSR62823",2023-06-29
"603","B2","XN2HE5","MONKEYPOX","Undetermined",0,"SABIB62823",2023-06-29
"604","B2","XN2HE5","MONKEYPOX","Undetermined",0,"SABIB62823",2023-06-29
"605","BC","DX6FM5","MONKEYPOX","Undetermined",0,"BTC-2023-06-28",2023-06-28
"606","BC","DX6FM5","MONKEYPOX","Undetermined",0,"BTC-2023-06-28",2023-06-28
"607","BW","MHQXP7","MONKEYPOX","Undetermined",0,"BTW-2023-06-28",2023-06-28
"608","BW","MHQXP7","MONKEYPOX","Undetermined",0,"BTW-2023-06-28",2023-06-28
"609","HW","YEC3BK","MONKEYPOX","Undetermined",0,"HW-2023-06-28",2023-06-28
"610","HW","YEC3BK","MONKEYPOX","Undetermined",0,"HW-2023-06-28",2023-06-28
"611","FR","MBJMYL","MONKEYPOX","Undetermined",0,"Fon-2023-06-28",2023-06-28
"612","FR","MBJMYL","MONKEYPOX","Undetermined",0,"Fon-2023-06-28",2023-06-28
"613","JT","NUGS9N","INFLUENZAA","Undetermined",0,"JT-23-19821",2023-06-27
"614","JT","NUGS9N","INFLUENZAA","Undetermined",0,"JT-23-19821",2023-06-27
"615","FH","L2N672","INFLUENZAA","Undetermined",0,"FH-23-19822",2023-06-27
"616","FH","L2N672","INFLUENZAA","Undetermined",0,"FH-23-19822",2023-06-27
"617","HS","LKRNKJ","INFLUENZAA","Undetermined",0,"HS-23-19823",2023-06-27
"618","HS","LKRNKJ","INFLUENZAA","Undetermined",0,"HS-23-19823",2023-06-27
"619","RB","B52AV2","INFLUENZAA","Undetermined",0,"RB-23-19824",2023-06-27
"620","RB","B52AV2","INFLUENZAA","Undetermined",0,"RB-23-19824",2023-06-27
"621","AS","D3MSXV","INFLUENZAA","Undetermined",0,"AS-23-0627",2023-06-27
"622","AS","D3MSXV","INFLUENZAA","Undetermined",0,"AS-23-0627",2023-06-27
"623","TC","RSBPHM","INFLUENZAA","Undetermined",0,"TC-23-0627",2023-06-27
"624","TC","RSBPHM","INFLUENZAA","Undetermined",0,"TC-23-0627",2023-06-27
"625","MC","Q89HNB","INFLUENZAA","Undetermined",0,"MC-23-0627",2023-06-27
"626","MC","Q89HNB","INFLUENZAA","Undetermined",0,"MC-23-0627",2023-06-27
"627","IA","PEXS9L","INFLUENZAA","Undetermined",0,"IA-23-0627",2023-06-27
"628","IA","PEXS9L","INFLUENZAA","Undetermined",0,"IA-23-0627",2023-06-27
"629","PT","VVUEJ5","INFLUENZAA","Undetermined",0,"PT-23-0627",2023-06-27
"630","PT","VVUEJ5","INFLUENZAA","Undetermined",0,"PT-23-0627",2023-06-27
"631","HO","AW6NJ5","INFLUENZAA","Undetermined",0,"HO-23-0627",2023-06-27
"632","HO","AW6NJ5","INFLUENZAA","Undetermined",0,"HO-23-0627",2023-06-27
"633","LB","ZNGEFP","INFLUENZAA","Undetermined",0,"LB_TX1 006272023",2023-06-27
"634","LB","ZNGEFP","INFLUENZAA","Undetermined",0,"LB_TX1 006272023",2023-06-27
"635","WF","U6MPMQ","INFLUENZAA","Undetermined",0,"Wichita Falls-2023-06-27",2023-06-27
"636","WF","U6MPMQ","INFLUENZAA","Undetermined",0,"Wichita Falls-2023-06-27",2023-06-27
"637","B1","STFYK4","INFLUENZAA","Undetermined",0,"BSR62823",2023-06-29
"638","B1","STFYK4","INFLUENZAA","Undetermined",0,"BSR62823",2023-06-29
"639","B2","XN2HE5","INFLUENZAA","Undetermined",0,"SABIB62823",2023-06-29
"640","B2","XN2HE5","INFLUENZAA","Undetermined",0,"SABIB62823",2023-06-29
"641","BC","DX6FM5","INFLUENZAA","Undetermined",0,"BTC-2023-06-28",2023-06-28
"642","BC","DX6FM5","INFLUENZAA","Undetermined",0,"BTC-2023-06-28",2023-06-28
"643","BW","MHQXP7","INFLUENZAA","Undetermined",0,"BTW-2023-06-28",2023-06-28
"644","BW","MHQXP7","INFLUENZAA","Undetermined",0,"BTW-2023-06-28",2023-06-28
"645","HW","YEC3BK","INFLUENZAA","Undetermined",0,"HW-2023-06-28",2023-06-28
"646","HW","YEC3BK","INFLUENZAA","Undetermined",0,"HW-2023-06-28",2023-06-28
"647","FR","MBJMYL","INFLUENZAA","Undetermined",0,"Fon-2023-06-28",2023-06-28
"648","FR","MBJMYL","INFLUENZAA","Undetermined",0,"Fon-2023-06-28",2023-06-28
"649","JT","NUGS9N","INFLUENZAB","Undetermined",0,"JT-23-19821",2023-06-27
"650","JT","NUGS9N","INFLUENZAB","Undetermined",0,"JT-23-19821",2023-06-27
"651","FH","L2N672","INFLUENZAB","Undetermined",0,"FH-23-19822",2023-06-27
"652","FH","L2N672","INFLUENZAB","Undetermined",0,"FH-23-19822",2023-06-27
"653","HS","LKRNKJ","INFLUENZAB","Undetermined",0,"HS-23-19823",2023-06-27
"654","HS","LKRNKJ","INFLUENZAB","Undetermined",0,"HS-23-19823",2023-06-27
"655","RB","B52AV2","INFLUENZAB","Undetermined",0,"RB-23-19824",2023-06-27
"656","RB","B52AV2","INFLUENZAB","Undetermined",0,"RB-23-19824",2023-06-27
"657","AS","D3MSXV","INFLUENZAB","Undetermined",0,"AS-23-0627",2023-06-27
"658","AS","D3MSXV","INFLUENZAB","Undetermined",0,"AS-23-0627",2023-06-27
"659","TC","RSBPHM","INFLUENZAB","Undetermined",0,"TC-23-0627",2023-06-27
"660","TC","RSBPHM","INFLUENZAB","Undetermined",0,"TC-23-0627",2023-06-27
"661","MC","Q89HNB","INFLUENZAB","Undetermined",0,"MC-23-0627",2023-06-27
"662","MC","Q89HNB","INFLUENZAB","Undetermined",0,"MC-23-0627",2023-06-27
"663","IA","PEXS9L","INFLUENZAB","Undetermined",0,"IA-23-0627",2023-06-27
"664","IA","PEXS9L","INFLUENZAB","Undetermined",0,"IA-23-0627",2023-06-27
"665","PT","VVUEJ5","INFLUENZAB","Undetermined",0,"PT-23-0627",2023-06-27
"666","PT","VVUEJ5","INFLUENZAB","Undetermined",0,"PT-23-0627",2023-06-27
"667","HO","AW6NJ5","INFLUENZAB","Undetermined",0,"HO-23-0627",2023-06-27
"668","HO","AW6NJ5","INFLUENZAB","Undetermined",0,"HO-23-0627",2023-06-27
"669","LB","ZNGEFP","INFLUENZAB","Undetermined",0,"LB_TX1 006272023",2023-06-27
"670","LB","ZNGEFP","INFLUENZAB","Undetermined",0,"LB_TX1 006272023",2023-06-27
"671","WF","U6MPMQ","INFLUENZAB","Undetermined",0,"Wichita Falls-2023-06-27",2023-06-27
"672","WF","U6MPMQ","INFLUENZAB","Undetermined",0,"Wichita Falls-2023-06-27",2023-06-27
"673","B1","STFYK4","INFLUENZAB","Undetermined",0,"BSR62823",2023-06-29
"674","B1","STFYK4","INFLUENZAB","Undetermined",0,"BSR62823",2023-06-29
"675","B2","XN2HE5","INFLUENZAB","Undetermined",0,"SABIB62823",2023-06-29
"676","B2","XN2HE5","INFLUENZAB","Undetermined",0,"SABIB62823",2023-06-29
"677","BC","DX6FM5","INFLUENZAB","Undetermined",0,"BTC-2023-06-28",2023-06-28
"678","BC","DX6FM5","INFLUENZAB","Undetermined",0,"BTC-2023-06-28",2023-06-28
"679","BW","MHQXP7","INFLUENZAB","Undetermined",0,"BTW-2023-06-28",2023-06-28
"680","BW","MHQXP7","INFLUENZAB","Undetermined",0,"BTW-2023-06-28",2023-06-28
"681","HW","YEC3BK","INFLUENZAB","Undetermined",0,"HW-2023-06-28",2023-06-28
"682","HW","YEC3BK","INFLUENZAB","Undetermined",0,"HW-2023-06-28",2023-06-28
"683","FR","MBJMYL","INFLUENZAB","Undetermined",0,"Fon-2023-06-28",2023-06-28
"684","FR","MBJMYL","INFLUENZAB","Undetermined",0,"Fon-2023-06-28",2023-06-28
"685","JT","NUGS9N","SARSCOV2N1","32.51",28364.291,"JT-23-19821",2023-06-27
"686","JT","NUGS9N","SARSCOV2N1","32.591",26700.16,"JT-23-19821",2023-06-27
"687","FH","L2N672","SARSCOV2N1","32.432",30042.749,"FH-23-19822",2023-06-27
"688","FH","L2N672","SARSCOV2N1","32.42",30327.489,"FH-23-19822",2023-06-27
"689","HS","LKRNKJ","SARSCOV2N1","32.955",20368.802,"HS-23-19823",2023-06-27
"690","HS","LKRNKJ","SARSCOV2N1","35.107",4119.424,"HS-23-19823",2023-06-27
"691","RB","B52AV2","SARSCOV2N1","33.093",18389.858,"RB-23-19824",2023-06-27
"692","RB","B52AV2","SARSCOV2N1","33.598",12638.846,"RB-23-19824",2023-06-27
"693","AS","D3MSXV","SARSCOV2N1","34.795",5192.985,"AS-23-0627",2023-06-27
"694","AS","D3MSXV","SARSCOV2N1","34.088",8783.653,"AS-23-0627",2023-06-27
"695","TC","RSBPHM","SARSCOV2N1","32.52",28139.755,"TC-23-0627",2023-06-27
"696","TC","RSBPHM","SARSCOV2N1","33.17",17368.885,"TC-23-0627",2023-06-27
"697","MC","Q89HNB","SARSCOV2N1","32.918",20945.682,"MC-23-0627",2023-06-27
"698","MC","Q89HNB","SARSCOV2N1","33.436",14258.12,"MC-23-0627",2023-06-27
"699","IA","PEXS9L","SARSCOV2N1","32.602",26473.063,"IA-23-0627",2023-06-27
"700","IA","PEXS9L","SARSCOV2N1","32.372",31411.922,"IA-23-0627",2023-06-27
"701","PT","VVUEJ5","SARSCOV2N1","33.457",14032.232,"PT-23-0627",2023-06-27
"702","PT","VVUEJ5","SARSCOV2N1","32.52",28148.117,"PT-23-0627",2023-06-27
"703","HO","AW6NJ5","SARSCOV2N1","Undetermined",0,"HO-23-0627",2023-06-27
"704","HO","AW6NJ5","SARSCOV2N1","Undetermined",0,"HO-23-0627",2023-06-27
"705","LB","ZNGEFP","SARSCOV2N1","35.907",2273.734,"LB_TX1 006272023",2023-06-27
"706","LB","ZNGEFP","SARSCOV2N1","Undetermined",0,"LB_TX1 006272023",2023-06-27
"707","WF","U6MPMQ","SARSCOV2N1","34.843",5011.846,"Wichita Falls-2023-06-27",2023-06-27
"708","WF","U6MPMQ","SARSCOV2N1","34.238",7855.232,"Wichita Falls-2023-06-27",2023-06-27
"709","B1","STFYK4","SARSCOV2N1","34.206",8043.579,"BSR62823",2023-06-29
"710","B1","STFYK4","SARSCOV2N1","33.308",15680.235,"BSR62823",2023-06-29
"711","B2","XN2HE5","SARSCOV2N1","32.708",24468.686,"SABIB62823",2023-06-29
"712","B2","XN2HE5","SARSCOV2N1","Undetermined",0,"SABIB62823",2023-06-29
"713","BC","DX6FM5","SARSCOV2N1","34.107",8657.99,"BTC-2023-06-28",2023-06-28
"714","BC","DX6FM5","SARSCOV2N1","33.863",10378.313,"BTC-2023-06-28",2023-06-28
"715","BW","MHQXP7","SARSCOV2N1","32.356",31789.819,"BTW-2023-06-28",2023-06-28
"716","BW","MHQXP7","SARSCOV2N1","32.921",20897.509,"BTW-2023-06-28",2023-06-28
"717","HW","YEC3BK","SARSCOV2N1","36.978",1026.714,"HW-2023-06-28",2023-06-28
"718","HW","YEC3BK","SARSCOV2N1","39.341",177.484,"HW-2023-06-28",2023-06-28
"719","FR","MBJMYL","SARSCOV2N1","Undetermined",0,"Fon-2023-06-28",2023-06-28
"720","FR","MBJMYL","SARSCOV2N1","Undetermined",0,"Fon-2023-06-28",2023-06-28
